<application>
  <component name="FileTypeManager" version="19">
    <extensionMap>
      <mapping pattern="Vec3d" type="AUTO_DETECTED" />
      <mapping pattern="config" type="AUTO_DETECTED" />
      <mapping pattern="pack.mcmeta" type="JSON" />
      <mapping pattern="mcmod.info" type="JSON" />
      <mapping ext="der" type="PLAIN_TEXT" />
      <mapping ext="pff" type="PLAIN_TEXT" />
      <mapping ext="tokens" type="PLAIN_TEXT" />
      <mapping ext="wasm" type="PLAIN_TEXT" />
      <mapping ext="dat" type="PLAIN_TEXT" />
      <removed_mapping ext="apk" approved="true" type="ARCHIVE" />
      <removed_mapping ext="csv" approved="true" type="CSV/TSV" />
      <removed_mapping ext="g4" approved="true" type="PLAIN_TEXT" />
      <removed_mapping ext="log" approved="true" type="PLAIN_TEXT" />
      <removed_mapping ext="nl" approved="true" type="PLAIN_TEXT" />
      <removed_mapping ext="pdf" approved="true" type="Native" />
      <removed_mapping ext="psd" approved="true" type="Image" />
      <removed_mapping ext="tsv" approved="true" type="CSV/TSV" />
      <removed_mapping ext="wat" approved="true" type="PLAIN_TEXT" />
      <mapping ext="gradle.kts" type="Kotlin" />
      <mapping ext="main.kts" type="Kotlin" />
      <mapping ext="space.kts" type="Kotlin" />
    </extensionMap>
  </component>
</application>