<filetype binary="false" default_extension="nl" description="NitroLang" name="NitroLang">
  <highlighting>
    <options>
      <option name="LINE_COMMENT" value="//" />
      <option name="COMMENT_START" value="/*" />
      <option name="COMMENT_END" value="*/" />
      <option name="HEX_PREFIX" value="0x" />
      <option name="NUM_POSTFIXES" value="" />
      <option name="HAS_BRACES" value="true" />
      <option name="HAS_BRACKETS" value="true" />
      <option name="HAS_PARENS" value="true" />
      <option name="HAS_STRING_ESCAPES" value="true" />
    </options>
    <keywords keywords="Self;This;alias;as;break;class;construct;continue;each;else;export;false;for;foreach;foreign;fun;if;import;in;include;interface;is;json;let;loop;match;memory_read;memory_write;mod;module;not;nothing;null;option;ref;refmut;repeat;ret;return;self;size_of;static;struct;super;tag;this;trait;true;type;use;when;while" ignore_case="false" />
    <keywords2 keywords="#[;#{;${;%[;%{;(;);&lt;;&gt;;@[;@{;ToDebugString;ToString;[;];it;lib;limit;name;opcode;{;}" />
    <keywords3 keywords="#Collection;#Container;#Destination;#E;#Err;#I;#Item;#K;#Key;#O;#Ok;#Slice;#Source;#T;#Target;#Type;#V;#Value;#X;#Y" />
    <keywords4 keywords="Any;Arena;Array;ArrayList;Boolean;Box;Buffer;Byte;Char;Console;Deque;Entry;Float;Fun0;Fun1;Fun2;Fun3;Fun4;Fun5;Fun6;Fun7;Fun8;Fun9;HashMap;Int;Iter;Iterator;Json;List;Map;MapEntry;Math;Memory;MemoryArena;Nothing;Null;Number;Object;Optional;Ordering;Ptr;Queue;Raw;RawArray;Ref;Result;Set;Short;Slice;Stack;String;StringMap;StringMapEntry;Unit;Vec" />
  </highlighting>
  <extensionMap>
    <mapping ext="nl" />
    <mapping ext="pkl" />
    <mapping ext="lhl" />
  </extensionMap>
</filetype>