<filetype binary="false" default_extension="nitro" description="Basic syntax highlight for nitro language" name="Nitro lang">
  <highlighting>
    <options>
      <option name="LINE_COMMENT" value="//" />
      <option name="COMMENT_START" value="/*" />
      <option name="COMMENT_END" value="*/" />
      <option name="HEX_PREFIX" value="0x" />
      <option name="NUM_POSTFIXES" value="dDfF" />
      <option name="HAS_BRACES" value="true" />
      <option name="HAS_BRACKETS" value="true" />
      <option name="HAS_PARENS" value="true" />
      <option name="HAS_STRING_ESCAPES" value="true" />
    </options>
    <keywords keywords="Self;This;alias;as;break;class;construct;continue;defer;each;else;enum;export;false;for;foreach;foreign;fun;if;import;in;include;interface;internal;is;json!;let;local;loop;match;memory_read;memory_write;mod;module;mut;not;nothing;null;option;ptr_of;rec;receiver;ref;refmut;repeat;ret;return;self;size_of;static;struct;super;tag;test!;this;trait;true;type;type_alias;typealias;use;when;while" ignore_case="false" />
    <keywords2 keywords="#[;#{;${;%[;%{;(;);-;&lt;;=;==;===;&gt;;@[;@{;[;];it;limit;{;}" />
    <keywords3 keywords="#Item;#K;#Key;#T;#Target;#V;#Value" />
    <keywords4 keywords="Any;Array;Boolean;Buffer;Byte;Char;CompilationUnit;Console;Duration;Entry;Float;Fun0;Fun1;Fun2;Fun3;Fun4;Fun5;Fun6;Fun7;Fun8;Fun9;Function;IdProvider;Instant;Int;IntRangeTo;IntRangeUpTo;Iterator;Json;Lexer;List;Long;Map;MapEntry;Math;Memory;NAnnotation;NBlock;NCode;NConst;NCosnt;NFunction;NFunctionSignature;NGeneric;NGenericParams;NInclude;NInst;NInstId;NInstKind;NIntKind;NLambda;NModule;NOption;NOptionITem;NPropertyAccessor;NStruct;NStructField;NTYpeAlias;NTag;NTypeAlias;NTypeUsage;NVar;Never;Nothing;Null;Number;Object;Optional;Ordering;Pair;Parsed;Parser;Part;Program;RawArray;Reporter;Result;Set;Slice;Span;String;StringMap;StringMapEntry;Token;TokenKind;TokenPos;Type;TypeChecker;TypeContainer;TypeId;TypeKind;TypeToken;TypeUsageKind;Unit" />
  </highlighting>
  <extensionMap>
    <mapping ext="nitro" />
  </extensionMap>
</filetype>